"PK","Specimen_ID","ID_as_written","Species","Date","Grid","Easting","Northing","Collector","Condition","Notes","Year"
1,1,NA,"Deer",2016-07-19,"6A2",530824,4884234,NA,NA,"",2016
2,2,NA,"Deer",2016-07-19,"6A2",530593,4883937,NA,NA,"",2016
3,3,NA,"Deer",2016-07-20,"11A3",558192,4910068,NA,NA,"",2016
4,4,NA,"Deer",2016-07-20,"11A3",557761,4909514,NA,NA,"",2016
5,5,NA,"Deer",2016-07-21,"11B2",571634,4903082,NA,NA,"",2016
6,6,NA,"Deer",2016-07-20,"11B3",565116,4902871,NA,NA,"",2016
7,7,NA,"Deer",2016-07-21,"11B2",571602,4903068,NA,NA,"",2016
8,8,NA,"Deer",2016-07-20,"11A2",561620,4908535,NA,NA,"",2016
9,9,NA,"Deer",2016-07-21,"11B2",571641,4903088,NA,NA,"",2016
10,10,NA,"Deer",2016-07-21,"11B2",572191,4903469,NA,NA,"",2016
11,11,NA,"Deer",2016-07-21,"11A1",562104,4912889,NA,NA,"",2016
12,12,NA,"Deer",2016-07-23,"6B3",540514,4874506,NA,NA,"",2016
13,13,NA,"Deer",2016-07-23,"6B3-1",539668,4874700,NA,NA,"",2016
14,14,NA,"Deer",2016-07-12,"14B1",NA,NA,NA,NA,"",2016
15,15,NA,"Deer",2016-07-03,"5B1",NA,NA,NA,1,"",2016
16,16,NA,"Deer",2016-07-04,"2B3",NA,NA,NA,2,"",2016
17,17,NA,"Deer",2016-07-12,"14A3",NA,NA,NA,NA,"",2016
18,18,NA,"Deer",2016-07-12,"",509303,4892165,NA,NA,"",2016
19,19,NA,"Deer",2016-07-12,"14B1",NA,NA,NA,NA,"",2016
20,20,NA,"Deer",2016-07-12,"",509296,4892165,NA,NA,"",2016
21,21,NA,"Deer",2016-07-10,"9A3",NA,NA,NA,NA,"",2016
22,22,NA,"Deer",2016-07-11,"14B3",NA,NA,NA,NA,"",2016
23,23,NA,"Deer",2016-07-04,"2B3",NA,NA,NA,NA,"",2016
24,24,NA,"Deer",2016-07-04,"2A2",NA,NA,NA,NA,"",2016
25,25,NA,"Deer",2016-05-25,"4B1",NA,NA,NA,NA,"",2016
26,26,NA,"Deer",2016-06-09,"9B3",NA,NA,NA,NA,"",2016
27,27,NA,"Deer",2016-08-15,"10A3",566891,4869339,NA,NA,"",2016
28,28,NA,"Deer",2016-08-10,"11B2",571394,4903115,NA,NA,"",2016
29,29,NA,"Deer",2016-08-12,"6B3",540340,4874979,NA,NA,"",2016
30,30,NA,"Deer",2016-08-12,"9A1",570383,4848094,NA,NA,"",2016
31,31,NA,"Deer",2016-08-10,"11B2",571643,4904077,NA,NA,"",2016
32,32,NA,"Deer",2016-08-15,"10A3",566904,4869350,NA,NA,"Changed easting from 6… to 5…",2016
33,33,NA,"Deer",2016-08-10,"11A1",562223,4913199,NA,NA,"",2016
34,34,NA,"Deer",2016-08-15,"10B3",579012,4865342,NA,NA,"",2016
35,35,NA,"Deer",2016-08-14,"5A3",550067,4832408,NA,NA,"",2016
36,36,NA,"Deer",2016-08-15,"10A3",566096,4869668,NA,NA,"",2016
37,38,NA,"Deer",2016-08-05,"9B1",557731,4839061,NA,NA,"",2016
38,40,NA,"Deer",2016-08-02,"14A3",614791,4856425,NA,NA,"",2016
39,41,NA,"Deer",2016-08-02,"14A3",614833,4856706,NA,NA,"",2016
40,43,NA,"Deer",2016-08-03,"13A1",614525,4838615,NA,NA,"",2016
41,45,NA,"Deer",2016-08-02,"14B2",602216,4853863,NA,NA,"",2016
42,49,NA,"Deer",2016-07-24,"5A2",548861,4834233,NA,NA,"",2016
43,50,NA,"Deer",2016-07-26,"2B1",505882,4852485,NA,NA,"",2016
44,51,NA,"Deer",2016-07-23,"6B1-6",542527,4874098,NA,NA,"",2016
45,52,NA,"Deer",2016-07-30,"5B2",547845,4826174,NA,NA,"",2016
46,53,NA,"Deer",2016-07-26,"2B3",502298,4852275,NA,NA,"",2016
47,54,NA,"Deer",2016-07-26,"2B2",503437,4853303,NA,NA,"",2016
48,55,NA,"Deer",2016-07-29,"12A1",585092,4944927,NA,NA,"",2016
49,56,NA,"Deer",2016-07-30,"5B3",544870,4825799,NA,NA,"",2016
50,57,NA,"Deer",2016-07-30,"5B3",545337,4826581,NA,NA,"",2016
51,58,NA,"Deer",2016-07-30,"5B2",547963,4826757,NA,NA,"",2016
52,59,NA,"Deer",2016-07-25,"10B2",584468,4866441,NA,NA,"",2016
53,60,NA,"Deer",2016-07-26,"2B2",504127,4853512,NA,NA,"",2016
54,61,NA,"Deer",2016-07-26,"2B1",506270,4851991,NA,NA,"",2016
55,62,NA,"Deer",2016-06-09,"9B3",NA,NA,NA,NA,"#5",2016
56,63,NA,"Deer",2016-06-09,"9B3",NA,NA,NA,NA,"#3",2016
57,64,NA,"Deer",2016-06-09,"9B3",NA,NA,NA,NA,"#4",2016
58,65,NA,"Deer",2016-06-09,"9B3",NA,NA,NA,NA,"#7",2016
59,66,NA,"Deer",2016-06-09,"9B3",NA,NA,NA,NA,"#10",2016
60,67,NA,"Deer",2016-06-09,"9B3",NA,NA,NA,NA,"#9",2016
61,68,NA,"Deer",2016-06-09,"9B3",NA,NA,NA,NA,"#6",2016
62,69,NA,"Deer",2016-06-09,"9B3",NA,NA,NA,NA,"#8",2016
63,70,NA,"Deer",2016-06-09,"9B3",NA,NA,NA,NA,"#1",2016
64,71,NA,"Deer",2016-06-09,"9B3",NA,NA,NA,NA,"#2",2016
65,72,NA,"Deer",2016-06-09,"9B3",NA,NA,NA,NA,"#11",2016
66,73,NA,"Deer",2016-06-09,"9B3",NA,NA,NA,NA,"#12",2016
67,74,NA,"Deer",2016-08-22,"5B3",545133,4825692,NA,NA,"",2016
68,75,NA,"Deer",2016-08-22,"5B3",545106,4825693,NA,NA,"",2016
69,76,NA,"Deer",2016-08-22,"5B2",547816,4826118,NA,NA,"",2016
70,77,NA,"Deer",2016-08-17,"2A2",497071,4856879,NA,NA,"",2016
71,78,NA,"Deer",2016-08-23,"13A1",614533,4838652,NA,NA,"",2016
72,79,NA,"Deer",2016-08-26,"9B3",560764,4837222,NA,NA,"",2016
73,80,NA,"Deer",2016-08-22,"5B3",544947,4825926,NA,NA,"",2016
74,81,NA,"Deer",2016-08-20,"12B1",585103,4945642,NA,NA,"",2016
75,82,NA,"Deer",2016-08-20,"12B1",585062,4945630,NA,NA,"",2016
76,83,NA,"Deer",2016-08-17,"2B2",503375,4853806,NA,NA,"",2016
77,84,NA,"Deer",2016-08-18,"7A2",549763,4939598,NA,NA,"",2016
78,85,NA,"Deer",2016-08-22,"14A3",615212,4856165,NA,NA,"",2016
79,86,NA,"Deer",2016-08-17,"2A2",497079,4856889,NA,NA,"",2016
80,87,NA,"Deer",2016-08-17,"2B3",502563,4851566,NA,NA,"",2016
81,3,"3","Deer",2017-05-24,"10B2",584321,4866184,"Alec Wong",NA,"",2017
82,4,"4","Deer",2017-05-21,"10B4alt",587233,4942552,"Alec Wong",NA,"",2017
83,5,"5","Deer",2017-05-24,"10B2",584366,4866243,"Alec Wong",NA,"",2017
84,6,"6","Deer",2017-05-21,"10B4alt",587696,4942667,"Alec Wong",NA,"",2017
85,7,"7","Deer",2017-05-23,"12B1",584912,4944776,"Alec Wong",NA,"",2017
86,8,"8","Deer",2017-05-23,"12B1",585060,4944671,"Alec Wong",NA,"",2017
87,9,"10","Deer",2017-05-25,"9A3",566382,4847707,"Alec Wong",NA,"",2017
88,10,"11","Deer",2017-05-24,"9A3",566439,4847370,"Alec Wong",NA,"",2017
89,12,"17","Deer",2017-06-01,"7A4",545495,4942781,"Alec Wong",1,"",2017
90,13,"19","Deer",2017-05-27,"7B4",538006,4932606,"Alec Wong",NA,"",2017
91,14,"21","Deer",2017-05-27,"7B4",537880,4932562,"Alec Wong",NA,"",2017
92,15,"22","Deer",2017-05-27,"7B3",536018,4932804,"Alec Wong",NA,"",2017
93,16,"23","Deer",2017-05-27,"7B3",535539,4932514,"Alec Wong",NA,"",2017
94,17,"26","Deer",2017-06-07,"9A4",568592,4846624,"Alec Wong",1,"",2017
95,18,"27","Deer",2017-06-07,"9A4",567863,4846518,"Alec Wong",1,"",2017
96,19,"33","Deer",2017-06-09,"2B1-1",506273,4852000,"Alec Wong",1,"",2017
97,20,"34","Deer",2017-06-09,"2B3-1",501909,4851743,"Alec Wong",1,"",2017
98,21,"SP1","Deer",2017-06-20,"",544592,4872094,"Sam Peterson",NA,"",2017
99,22,"SP2","Deer",2017-06-21,"",556789,4871807,"Sam Peterson",NA,"",2017
100,23,"SP3","Deer",2017-06-21,"",557585,4874224,"Sam Peterson",NA,"",2017
101,24,"SP4","Deer",2017-06-26,"",572246,4939756,"Sam Peterson",NA,"",2017
102,26,"SP6","Deer",2017-06-27,"",568591,4937219,"Sam Peterson",NA,"",2017
103,28,"SP8","Deer",2017-07-07,"",537728,4896366,"Sam Peterson",NA,"",2017
104,29,"SP9","Deer",2017-07-08,"",503349,4889140,"Sam Peterson",NA,"",2017
105,30,"SP10","Deer",2017-07-09,"",481546,4885677,"Sam Peterson",NA,"",2017
106,31,"SP11","Deer",2017-07-09,"",504507,4888229,"Sam Peterson",NA,"",2017
107,32,"SP12","Deer",2017-07-12,"",554290,4857723,"Sam Peterson",NA,"",2017
108,33,"52","Deer",2017-08-04,"4B3",535252,4802204,"Alec Wong",2,"A1",2017
109,34,"53","Deer",2017-08-04,"4B3",535233,4802025,"Alec Wong",2,"A2",2017
110,35,"54","Deer",2017-08-04,"4B3",535228,4802059,"Alec Wong",2,"A3",2017
111,36,"55","Deer",2017-08-04,"4B2",533285,4800815,"Alec Wong",1,"Found with slug #92 A4",2017
112,37,"50","Deer",2017-07-28,"15A2",601491,4928659,"Alec Wong",2,"",2017
113,38,"49","Deer",2017-07-28,"15A2",601754,4928772,"Alec Wong",1,"",2017
114,39,"48","Deer",2017-07-28,"15A4",599380,4929732,"Alec Wong",1,"",2017
115,40,"46","Deer",2017-07-28,"15A4",599433,4929113,"Alec Wong",2,"",2017
116,41,"43","Deer",2017-07-28,"15A2",601327,4928584,"Alec Wong",1,"",2017
117,42,"42","Deer",2017-07-28,"15A4",598992,4929096,"Alec Wong",3,"",2017
118,43,"47","Deer",2017-07-28,"15A4",599161,4928954,"Alec Wong",2,"",2017
119,44,"51","Deer",2017-08-04,"4B3",535218,4802083,"Alec Wong",2,"A12",2017
120,45,"58","Deer",2017-08-04,"4B2",533369,4800861,"Alec Wong",1,"A13",2017
121,46,"56","Deer",2017-08-04,"4B3",535266,4802509,"Alec Wong",2,"A14",2017
122,47,"59","Deer",2017-08-04,"4B2",533275,4800876,"Alec Wong",3,"A15",2017
123,48,"60","Deer",2017-08-04,"4B2",533353,4800831,"Alec Wong",2,"A16",2017
124,49,"57","Deer",2017-08-04,"4B2",533280,4800842,"Alec Wong",1,"A17",2017
125,50,"44","Deer",2017-07-28,"15A4",599188,4928934,"Alec Wong",1,"",2017
126,51,"132","Deer",2017-08-16,"4B4",536917,4801933,"Alec Wong",2,"",2017
127,52,"131","Deer",2017-08-16,"4B4",537277,4801966,"Alec Wong",2,"",2017
128,53,"130","Deer",2017-08-16,"4B1",536697,4799983,"Alec Wong",2,"",2017
129,54,"129","Deer",2017-08-16,"4B1",537006,4800160,"Alec Wong",3,"",2017
130,55,"121","Deer",2017-08-15,"1B2",513299,4803628,"Alec Wong",2,"A2",2017
131,56,"122","Deer",2017-08-16,"4B4",537296,4801999,"Alec Wong",2,"",2017
132,57,"127","Deer",2017-08-16,"4B1",536754,4800028,"Alec Wong",2,"",2017
133,58,"123","Deer",2017-08-16,"4B1",536806,4800025,"Alec Wong",2,"",2017
134,59,"128","Deer",2017-08-16,"4B1",536769,4800025,"Alec Wong",2,"",2017
135,60,"126","Deer",2017-08-16,"4B1",537086,4800255,"Alec Wong",2,"",2017
136,61,"124","Deer",2017-08-16,"4B4",536942,4801961,"Alec Wong",2,"",2017
137,62,"125","Deer",2017-08-16,"4B1",536620,4799953,"Alec Wong",2,"",2017
138,63,"120","Deer",2017-08-14,"1B4",509965,4803298,"Alec Wong",2,"",2017
139,64,"119","Deer",2017-08-14,"2B1",505832,4852854,"Alec Wong",2,"",2017
140,65,"110","Deer",2017-08-14,"1B4",510421,4802996,"Alec Wong",2,"",2017
141,66,"114","Deer",2017-08-14,"2B1",506432,4852742,"Alec Wong",1,"",2017
142,67,"111","Deer",2017-08-14,"1B4",510773,4803808,"Alec Wong",2,"",2017
143,68,"116","Deer",2017-08-14,"2B1",505995,4851970,"Alec Wong",1,"",2017
144,69,"117","Deer",2017-08-14,"1B4",510351,4803590,"Alec Wong",2,"",2017
145,70,"115","Deer",2017-08-15,"1B1",512160,4806903,"Alec Wong",2,"",2017
146,71,"112","Deer",2017-08-14,"2B1",506471,4852258,"Alec Wong",2,"",2017
147,72,"97","Deer",2017-08-15,"1B1",511551,4807498,"Alec Wong",2,"",2017
148,73,"113","Deer",2017-08-15,"1B2",513548,4803256,"Alec Wong",2,"",2017
149,74,"96","Deer",2017-08-15,"1B2",512818,4803021,"Alec Wong",2,"",2017
150,75,"98","Deer",2017-08-14,"1B4",510826,4803586,"Alec Wong",2,"",2017
151,76,"99","Deer",2017-08-15,"1B2",513424,4803169,"Alec Wong",2,"",2017
152,77,"95","Deer",2017-08-14,"2B1",505943,4852228,"Alec Wong",2,"",2017
153,78,"109","Deer",2017-08-15,"1B1",511953,4807671,"Alec Wong",2,"",2017
154,79,"108","Deer",2017-08-14,"2B1",506258,4851968,"Alec Wong",1,"",2017
155,80,"118","Deer",2017-08-15,"1B2",513536,4803178,"Alec Wong",2,"",2017
156,81,"104","Deer",2017-08-14,"1B4",510801,4803555,"Alec Wong",3,"",2017
157,82,"106","Deer",2017-08-15,"1B2",513572,4803199,"Alec Wong",2,"",2017
158,83,"105","Deer",2017-08-14,"1B4",510294,4803096,"Alec Wong",2,"",2017
159,84,"107","Deer",2017-08-14,"1B4",510247,4803146,"Alec Wong",2,"",2017
160,85,"100","Deer",2017-08-15,"1B1",512147,4806991,"Alec Wong",2,"",2017
161,86,"103","Deer",2017-08-15,"1B2",512736,4803451,"Alec Wong",2,"",2017
162,87,"101","Deer",2017-08-15,"1B1",512096,4807148,"Alec Wong",2,"",2017
163,88,"102","Deer",2017-08-15,"1B2",512874,4803051,"Alec Wong",2,"",2017
164,89,"162","Deer",2017-08-17,"7B4",538408,4933094,"Alec Wong",2,"",2017
165,90,"141","Deer",2017-08-16,"4B1",537051,4800265,"Alec Wong",2,"",2017
166,91,"137","Deer",2017-08-16,"4B1",536746,4800020,"Alec Wong",2,"",2017
167,92,"159","Deer",2017-08-17,"7B4",538432,4932713,"Alec Wong",3,"",2017
168,93,"154","Deer",2017-08-17,"7B4",537895,4932567,"Alec Wong",2,"",2017
169,94,"161","Deer",2017-08-17,"7B4",538021,4933154,"Alec Wong",2,"",2017
170,95,"133","Deer",2017-08-16,"4B4",537274,4801991,"Alec Wong",2,"",2017
171,96,"146","Deer",2017-08-17,"7B5",539147,4928737,"Alec Wong",2,"",2017
172,97,"142","Deer",2017-08-17,"7B4",538342,4933120,"Alec Wong",2,"",2017
173,98,"134","Deer",2017-08-16,"4B4",536975,4801960,"Alec Wong",3,"",2017
174,99,"145","Deer",2017-08-17,"7B5",539216,4928651,"Alec Wong",2,"",2017
175,100,"139","Deer",2017-08-16,"4B4",537154,4801963,"Alec Wong",3,"",2017
176,101,"138","Deer",2017-08-16,"4B1",536852,4800020,"Alec Wong",2,"",2017
177,102,"136","Deer",2017-08-16,"4B4",536882,4801962,"Alec Wong",1,"",2017
178,103,"140","Deer",2017-08-16,"4B4",537290,4802025,"Alec Wong",2,"",2017
179,104,"135","Deer",2017-08-16,"4B4",536763,4801968,"Alec Wong",2,"",2017
180,105,"155","Deer",2017-08-17,"7B4",537630,4932782,"Alec Wong",2,"",2017
181,106,"148","Deer",2017-08-17,"7B5",539544,4928823,"Alec Wong",2,"with slug",2017
182,107,"156","Deer",2017-08-17,"7B4",537823,4932542,"Alec Wong",2,"",2017
183,108,"150","Deer",2017-08-17,"7B5",539784,4928917,"Alec Wong",2,"",2017
184,109,"158","Deer",2017-08-17,"7B4",537725,4932527,"Alec Wong",2,"",2017
185,110,"160","Deer",2017-08-17,"7B4",537660,4932504,"Alec Wong",2,"",2017
186,111,"157","Deer",2017-08-17,"7B4",537664,4932502,"Alec Wong",2,"",2017
187,112,"151","Deer",2017-08-17,"7B5",539855,4928952,"Alec Wong",2,"",2017
188,113,"147","Deer",2017-08-17,"7B5",539136,4928646,"Alec Wong",2,"",2017
189,114,"143","Deer",2017-08-17,"7B4",538475,4932964,"Alec Wong",2,"",2017
190,115,"149","Deer",2017-08-17,"7B5",539508,4928787,"Alec Wong",1,"",2017
191,116,"152","Deer",2017-08-17,"7B4",537918,4932567,"Alec Wong",2,"",2017
192,117,"144","Deer",2017-08-17,"7B5",539461,4929403,"Alec Wong",2,"",2017
193,118,"177","Deer",2017-08-18,"9A3",565885,4847978,"Technician",2,"",2017
194,119,"170","Deer",2017-08-18,"9A4",567974,4847101,"Alec Wong",2,"",2017
195,120,"165","Deer",2017-08-18,"9A3",566253,4847222,"Technician",2,"",2017
196,121,"176","Deer",2017-08-18,"9A4",568696,4846753,"Alec Wong",3,"",2017
197,122,"179","Deer",2017-08-18,"9A4",567866,4846554,"Alec Wong",1,"",2017
198,123,"184","Deer",2017-08-18,"10B4",579602,4863472,"Technician",2,"",2017
199,124,"171","Deer",2017-08-18,"9A4",568059,4847055,"Alec Wong",2,"",2017
200,125,"167","Deer",2017-08-18,"9A3",566208,4847797,"Technician",2,"",2017
201,126,"168","Deer",2017-08-18,"9A3",566145,4847831,"Technician",2,"",2017
202,127,"175","Deer",2017-08-18,"9A3",566220,4847793,"Technician",3,"",2017
203,128,"174","Deer",2017-08-18,"9A4",568054,4847046,"Alec Wong",3,"",2017
204,129,"178","Deer",2017-08-18,"9A4",567933,4847122,"Alec Wong",2,"",2017
205,130,"164","Deer",2017-08-18,"9A3",565783,4848030,"Technician",2,"",2017
206,131,"163","Deer",2017-08-18,"9A3",565694,4847990,"Technician",2,"",2017
207,132,"166","Deer",2017-08-18,"9A3",565688,4847605,"Technician",2,"",2017
208,133,"181","Deer",2017-08-18,"9A4",567899,4847146,"Alec Wong",2,"",2017
209,134,"173","Deer",2017-08-18,"9A3",566565,4847590,"Technician",2,"",2017
210,135,"180","Deer",2017-08-18,"9A3",565692,4847505,"Technician",2,"",2017
211,136,"200","Deer",2017-08-20,"12B2",583757,4944184,"Alec Wong",2,"",2017
212,137,"183","Deer",2017-08-18,"10B4",579670,4863462,"Technician",1,"",2017
213,138,"199","Deer",2017-08-20,"12B2",583789,4943251,"Alec Wong",2,"",2017
214,139,"191","Deer",2017-08-18,"9A1",570367,4848056,"Alec Wong",2,"",2017
215,140,"187","Deer",2017-08-18,"9A1",570350,4847973,"Alec Wong",1,"",2017
216,141,"195","Deer",2017-08-20,"12B2",584107,4944025,"Alec Wong",2,"",2017
217,142,"185","Deer",2017-08-18,"9A1",570242,4847517,"Alec Wong",1,"",2017
218,143,"186","Deer",2017-08-18,"9A1",570321,4847862,"Alec Wong",2,"",2017
219,144,"197","Deer",2017-08-20,"12B2",584530,4943609,"Alec Wong",2,"",2017
220,145,"194","Deer",2017-08-20,"12B1",584751,4944929,"Alec Wong",2,"",2017
221,146,"198","Deer",2017-08-20,"12B2",583705,4944072,"Alec Wong",2,"",2017
222,147,"188","Deer",2017-08-18,"9A1",569733,4847532,"Alec Wong",3,"",2017
223,148,"201","Deer",2017-08-20,"12B2",583732,4943229,"Alec Wong",2,"",2017
224,149,"190","Deer",2017-08-18,"9A1",570370,4848061,"Alec Wong",1,"",2017
225,150,"192","Deer",2017-08-18,"10B4",579215,4863852,"Technician",2,"",2017
226,151,"193","Deer",2017-08-18,"10B4",578948,4863564,"Technician",3,"",2017
227,152,"189","Deer",2017-08-18,"9A1",569518,4847928,"Alec Wong",3,"",2017
228,153,"196","Deer",2017-08-20,"12B2",584567,4943623,"Alec Wong",2,"",2017
229,154,"276","Deer",2017-08-22,"12D2",573877,4962548,"Technician",3,"",2017
230,155,"248","Deer",2017-08-21,"12A5",587005,4956146,"Alec",2,"",2017
231,156,"254","Deer",2017-08-21,"12A1",591256,4954934,"Technician",3,"",2017
232,157,"257","Deer",2017-08-21,"12A1",591101,4955011,"Technician",3,"",2017
233,158,"255","Deer",2017-08-21,"12A1",591227,4954957,"Technician",3,"",2017
234,159,"260","Deer",2017-08-21,"12A1",591058,4955031,"Technician",3,"",2017
235,160,"263","Deer",2017-08-22,"12D4",571017,4961078,"Technician",3,"",2017
236,161,"267","Deer",2017-08-22,"12D4",571752,4961411,"Technician",2,"",2017
237,162,"264","Deer",2017-08-22,"12D4",571661,4961414,"Technician",2,"",2017
238,163,"274","Deer",2017-08-22,"12D2",573999,4962652,"Technician",3,"",2017
239,164,"273","Deer",2017-08-22,"12D4",571172,4960728,"Technician",2,"",2017
240,165,"277","Deer",2017-08-22,"12D2",573794,4962474,"Technician",3,"",2017
241,166,"279","Deer",2017-08-22,"12D2",573466,4962512,"Technician",3,"",2017
242,167,"270","Deer",2017-08-22,"12D4",571523,4961419,"Technician",3,"",2017
243,168,"266","Deer",2017-08-22,"12D4",571066,4960938,"Technician",3,"",2017
244,169,"262","Deer",2017-08-21,"12A1",590386,4955155,"Technician",2,"",2017
245,170,"278","Deer",2017-08-22,"12D2",573666,4962375,"Technician",2,"",2017
246,171,"261","Deer",2017-08-21,"12A1",591027,4955064,"Technician",3,"",2017
247,172,"269","Deer",2017-08-22,"12D4",571375,4961427,"Technician",3,"",2017
248,173,"280","Deer",2017-08-22,"12D2",573447,4962547,"Technician",3,"",2017
249,174,"272","Deer",2017-08-22,"12D4",571662,4961413,"Technician",2,"",2017
250,175,"265","Deer",2017-08-22,"12D4",571132,4960814,"Technician",3,"",2017
251,176,"287","Deer",2017-08-22,"10B5",581601,4864552,"Alec",1,"",2017
252,177,"292","Deer",2017-08-22,"10B3",578300,4865788,"Alec",3,"",2017
253,178,"275","Deer",2017-08-22,"12D2",573946,4962613,"Technician",2,"",2017
254,179,"283","Deer",2017-08-22,"12D2",573405,4962841,"Technician",3,"",2017
255,180,"271","Deer",2017-08-22,"12D4",571537,4961417,"Technician",3,"",2017
256,181,"282","Deer",2017-08-22,"12D2",573271,4963214,"Technician",2,"",2017
257,182,"286","Deer",2017-08-22,"10B5",581369,4865284,"Alec",3,"",2017
258,183,"281","Deer",2017-08-22,"12D2",573423,4962631,"Technician",2,"",2017
259,184,"285","Deer",2017-08-22,"10B5",581428,4865301,"Alec",2,"",2017
260,185,"284","Deer",2017-08-22,"10B5",581509,4865246,"Alec",3,"",2017
261,186,"289","Deer",2017-08-22,"10B3",579003,4865478,"Alec",3,"",2017
262,187,"288","Deer",2017-08-22,"10B3",578991,4865446,"Alec",2,"",2017
263,188,"291","Deer",2017-08-22,"10B5",581098,4864794,"Alec",2,"",2017
264,189,"290","Deer",2017-08-22,"10B5",581705,4864704,"Alec",1,"",2017
265,190,"293","Deer",2017-08-22,"10B3",578380,4865477,"Alec",2,"",2017
266,191,"297","Deer",2017-08-22,"12D4",571060,4961428,"Technician",3,"",2017
267,192,"294","Deer",2017-08-22,"10B3",578995,4865577,"Alec",2,"",2017
268,193,"295","Deer",2017-08-22,"10B3",578417,4865886,"Alec",2,"",2017
269,194,"219","Deer",2017-08-20,"12B4",587464,4942271,"Technician",3,"",2017
270,195,"218","Deer",2017-08-20,"12B4",587415,4942322,"Technician",3,"",2017
271,196,"204","Deer",2017-08-20,"12B1",584902,4944795,"Alec",2,"",2017
272,197,"203","Deer",2017-08-20,"12B1",585249,4945526,"Alec",2,"",2017
273,198,"212","Deer",2017-08-20,"12B4",587413,4943179,"Technician",2,"",2017
274,199,"214","Deer",2017-08-20,"12B4",587256,4943025,"Technician",3,"",2017
275,200,"202","Deer",2017-08-20,"12B1",584832,4945492,"Alec",2,"",2017
276,201,"205","Deer",2017-08-20,"12B1",584998,4944676,"Alec",1,"",2017
277,202,"233","Deer",2017-08-21,"12A6",588887,4958907,"Technician",2,"",2017
278,203,"211","Deer",2017-08-20,"12B4",587641,4942385,"Technician",2,"",2017
279,204,"207","Deer",2017-08-20,"12B1",585006,4945505,"Alec",2,"",2017
280,205,"206","Deer",2017-08-20,"12B1",585230,4945093,"Alec",2,"",2017
281,206,"226","Deer",2017-08-20,"12B3",583320,4945290,"Technician",3,"",2017
282,207,"209","Deer",2017-08-20,"12B2",583709,4943959,"Alec",2,"",2017
283,208,"213","Deer",2017-08-20,"12B4",587764,4943047,"Technician",2,"",2017
284,209,"234","Deer",2017-08-21,"12A6",589483,4958427,"Technician",3,"",2017
285,210,"216","Deer",2017-08-20,"12B4",587235,4942541,"Technician",3,"",2017
286,211,"215","Deer",2017-08-20,"12B4",587038,4942757,"Technician",3,"",2017
287,212,"231","Deer",2017-08-20,"12B2",584055,4944057,"Alec",2,"",2017
288,213,"229","Deer",2017-08-20,"12B3",583212,4945664,"Technician",3,"",2017
289,214,"221","Deer",2017-08-20,"12B3",583119,4945149,"Technician",3,"",2017
290,215,"220","Deer",2017-08-20,"12B3",582979,4945189,"Technician",2,"",2017
291,216,"217","Deer",2017-08-20,"12B4",587313,4942448,"Technician",3,"",2017
292,217,"222","Deer",2017-08-20,"12B3",583166,4945125,"Technician",2,"",2017
293,218,"224","Deer",2017-08-20,"12B3",583303,4945161,"Technician",2,"",2017
294,219,"223","Deer",2017-08-20,"12B3",583281,4945119,"Technician",2,"",2017
295,220,"227","Deer",2017-08-20,"12B3",583310,4945291,"Technician",3,"",2017
296,221,"235","Deer",2017-08-21,"12A6",589232,4958867,"Technician",2,"",2017
297,222,"225","Deer",2017-08-20,"12B3",583287,4945257,"Technician",2,"",2017
298,223,"236","Deer",2017-08-21,"12A6",589483,4958427,"Technician",3,"",2017
299,224,"242","Deer",2017-08-21,"12A6",589272,4958794,"Technician",2,"",2017
300,225,"241","Deer",2017-08-21,"12A6",589117,4959080,"Technician",2,"",2017
301,226,"228","Deer",2017-08-20,"12B3",583224,4945596,"Technician",3,"",2017
302,227,"237","Deer",2017-08-21,"12A6",589240,4958854,"Technician",2,"",2017
303,228,"238","Deer",2017-08-21,"12A6",589448,4958491,"Technician",3,"",2017
304,229,"239","Deer",2017-08-21,"12A6",589267,4958812,"Technician",2,"",2017
305,230,"240","Deer",2017-08-21,"12A6",588991,4959035,"Technician",3,"",2017
306,231,"243","Deer",2017-08-21,"12A6",588578,4958195,"Technician",1,"",2017
307,232,"246","Deer",2017-08-21,"12A6",589516,4958361,"Technician",3,"",2017
308,233,"230","Deer",2017-08-20,"12B3",583223,4945555,"Technician",3,"",2017
309,234,"251","Deer",2017-08-21,"12A1",590433,4954986,"Technician",2,"",2017
310,235,"250","Deer",2017-08-21,"12A5",586968,4956258,"Alec",1,"",2017
311,236,"256","Deer",2017-08-21,"12A1",590430,4954964,"Technician",2,"",2017
312,237,"253","Deer",2017-08-21,"12A1",590946,4954591,"Technician",3,"",2017
313,238,"247","Deer",2017-08-21,"12A5",586236,4956490,"Alec",2,"",2017
314,239,"252","Deer",2017-08-21,"12A1",590432,4954980,"Technician",3,"",2017
315,240,"412","Deer",2017-08-27,"6C1",519925,4878667,"Technician",3,"",2017
316,241,"417","Deer",2017-08-27,"6C2",522223,4879924,"Technician",1,"",2017
317,242,"420","Deer",2017-08-27,"6C1",520577,4879145,"Technician",3,"",2017
318,243,"411","Deer",2017-08-27,"6C1",522658,4880103,"Technician",2,"",2017
319,244,"429","Deer",2017-08-27,"6C3",521942,4876631,"Alec",3,"",2017
320,245,"436","Deer",2017-08-27,"6C3",522219,4877378,"Alec",2,"",2017
321,246,"428","Deer",2017-08-27,"6C4",523533,4878146,"Alec",2,"",2017
322,247,"432","Deer",2017-08-27,"6C3",522210,4876840,"Alec",2,"",2017
323,248,"435","Deer",2017-08-27,"6C3",522462,4877270,"Alec",1,"",2017
324,249,"413","Deer",2017-08-27,"6C1",520459,4879036,"Technician",3,"",2017
325,250,"434","Deer",2017-08-27,"6C3",522163,4876824,"Alec",2,"",2017
326,251,"431","Deer",2017-08-27,"6C3",522538,4877098,"Alec",2,"",2017
327,252,"430","Deer",2017-08-27,"6C3",522537,4877250,"Alec",2,"",2017
328,253,"427","Deer",2017-08-27,"6C4",523240,4877882,"Alec",2,"",2017
329,254,"426","Deer",2017-08-27,"6C4",523110,4878393,"Alec",1,"",2017
330,255,"423","Deer",2017-08-27,"6C2",522661,4879436,"Technician",3,"",2017
331,256,"425","Deer",2017-08-27,"6C2",522355,4879500,"Technician",3,"",2017
332,257,"421","Deer",2017-08-27,"6C1",519830,4878534,"Technician",2,"",2017
333,258,"404","Deer",2017-08-27,"6C2",522888,4880006,"Technician",2,"",2017
334,259,"422","Deer",2017-08-27,"6C2",522919,4880004,"Technician",1,"",2017
335,260,"406","Deer",2017-08-27,"6C2",522878,4880007,"Technician",2,"",2017
336,261,"415","Deer",2017-08-27,"6C1",519914,4878677,"Technician",3,"",2017
337,262,"418","Deer",2017-08-27,"6C1",520583,4879128,"Technician",3,"",2017
338,263,"424","Deer",2017-08-27,"6C2",522833,4879579,"Technician",3,"",2017
339,264,"419","Deer",2017-08-27,"6C1",520139,4878356,"Technician",3,"",2017
340,265,"410","Deer",2017-08-27,"6C1",520261,4878915,"Technician",3,"",2017
341,266,"414","Deer",2017-08-27,"6C1",520106,4878378,"Technician",3,"",2017
342,267,"407","Deer",2017-08-27,"6C2",522288,4879660,"Technician",3,"",2017
343,268,"409","Deer",2017-08-27,"6C2",520583,4879128,"Technician",3,"",2017
344,269,"408","Deer",2017-08-27,"6C2",522214,4879975,"Technician",3,"",2017
345,270,"405","Deer",2017-08-27,"6C2",522364,4879405,"Technician",2,"",2017
346,271,"416","Deer",2017-08-27,"6C1",520518,4879125,"Technician",3,"",2017
347,272,"351","Deer",2017-08-25,"5B4",546145,4823743,"Technician",3,"",2017
348,273,"333","Deer",2017-08-25,"2C2",507797,4831691,"Alec",1,"",2017
349,274,"347","Deer",2017-08-24,"8B3",573598,4798014,"Technician",1,"",2017
350,275,"341","Deer",2017-08-25,"2C4",508332,4830045,"Alec",2,"",2017
351,276,"348","Deer",2017-08-25,"8B3",546462,4828166,"Technician",2,"",2017
352,277,"350","Deer",2017-08-25,"5B4",545961,4824680,"Technician",3,"",2017
353,278,"334","Deer",2017-08-25,"2C2",506944,4831773,"Alec",2,"",2017
354,279,"340","Deer",2017-08-25,"2C4",508829,4829808,"Alec",2,"",2017
355,280,"339","Deer",2017-08-25,"2C4",509269,4830112,"Alec",2,"",2017
356,281,"324","Deer",2017-08-24,"2B3",502003,4851470,"Alec",2,"",2017
357,282,"337","Deer",2017-08-25,"2C4",509468,4830366,"Alec",1,"",2017
358,283,"322","Deer",2017-08-24,"2B3",502066,4852185,"Alec",2,"",2017
359,284,"335","Deer",2017-08-25,"2C2",507217,4830920,"Alec",1,"",2017
360,285,"346","Deer",2017-08-25,"2C1",510235,4830806,"Alec",3,"",2017
361,286,"343","Deer",2017-08-25,"2C4",508783,4830395,"Alec",2,"",2017
362,287,"342","Deer",2017-08-25,"2C4",508335,4830121,"Alec",2,"",2017
363,288,"344","Deer",2017-08-25,"2C1",510290,4831321,"Alec",2,"",2017
364,289,"345","Deer",2017-08-25,"2C1",511137,4831217,"Alec",1,"",2017
365,290,"331","Deer",2017-08-25,"2C2",506757,4831712,"Alec",2,"",2017
366,291,"317","Deer",2017-08-24,"2B4",503920,4849798,"Alec",2,"",2017
367,292,"312","Deer",2017-08-23,"7A2",549567,4939454,"Alec",2,"",2017
368,293,"318","Deer",2017-08-24,"2B4",504231,4849523,"Alec",3,"",2017
369,294,"311","Deer",2017-08-23,"7A2",549153,4940187,"Alec",2,"",2017
370,295,"305","Deer",2017-08-23,"7A1",547730,4942418,"Alec",2,"",2017
371,296,"352","Deer",2017-08-25,"5B1",546336,4828179,"Technician",2,"",2017
372,297,"313","Deer",2017-08-23,"7A2",549284,4939426,"Alec",2,"",2017
373,298,"327","Deer",2017-08-24,"2B3",502032,4852107,"Alec",2,"",2017
374,299,"329","Deer",2017-08-25,"2C2",507052,4831426,"Alec",2,"",2017
375,300,"326","Deer",2017-08-24,"2B4",504517,4849907,"Alec",3,"",2017
376,301,"325","Deer",2017-08-24,"2B4",504505,4849899,"Alec",2,"",2017
377,302,"323","Deer",2017-08-24,"2B4",504286,4849597,"Alec",2,"",2017
378,303,"321","Deer",2017-08-24,"2B3",502639,4851567,"Alec",2,"",2017
379,304,"316","Deer",2017-08-24,"2B3",502646,4851745,"Alec",2,"",2017
380,305,"315","Deer",2017-08-24,"2B4",503858,4849944,"Alec",2,"",2017
381,306,"314","Deer",2017-08-24,"2B4",503836,4849983,"Alec",2,"",2017
382,307,"310","Deer",2017-08-23,"7A2",549559,4940087,"Alec",2,"",2017
383,308,"306","Deer",2017-08-23,"7A1",547802,4942795,"Alec",2,"",2017
384,309,"303","Deer",2017-08-23,"7A1",547823,4942146,"Alec",2,"",2017
385,310,"332","Deer",2017-08-25,"2C2",507303,4831745,"Alec",1,"",2017
386,311,"338","Deer",2017-08-25,"2C4",509483,4830363,"Alec",1,"",2017
387,312,"301","Deer",2017-08-23,"7A1",547876,4942027,"Alec",2,"",2017
388,313,"309","Deer",2017-08-23,"7A2",549578,4940075,"Alec",2,"",2017
389,314,"304","Deer",2017-08-23,"7A1",547644,4942795,"Alec",2,"",2017
390,315,"307","Deer",2017-08-23,"7A1",548401,4942504,"Alec",2,"",2017
391,316,"300","Deer",2017-08-23,"7A1",547887,4941886,"Alec",2,"",2017
392,317,"298","Deer",2017-08-22,"10B3",578567,4866001,"Alec",3,"",2017
393,318,"299","Deer",2017-08-22,"10B3",578211,4865746,"Alec",2,"",2017
394,319,"296","Deer",2017-08-22,"10B3",578548,4865998,"Alec",2,"",2017
395,320,"320","Deer",2017-08-24,"2B3",502483,4851995,"Alec",1,"",2017
396,321,"349","Deer",2017-08-24,"8B4",574264,4799716,"Technician",2,"",2017
397,322,"319","Deer",2017-08-24,"2B4",504355,4849702,"Alec",1,"",2017
398,323,"336","Deer",2017-08-25,"2C2",507963,4831538,"Alec",1,"",2017
399,324,"302","Deer",2017-08-23,"7A2",549968,4939737,"Alec",2,"",2017
400,325,"330","Deer",2017-08-25,"2C2",507531,4831719,"Alec",1,"",2017
401,326,"328","Deer",2017-08-25,"2C2",507286,4831749,"Alec",1,"",2017
402,327,"391","Deer",2017-08-26,"7B3",535611,4931982,"Alec",1,"",2017
403,328,"386","Deer",2017-08-24,"8B4",574388,4799764,"Technician",2,"",2017
404,329,"394","Deer",2017-08-26,"7B6",537332,4929648,"Alec",2,"",2017
405,330,"396","Deer",2017-08-26,"7B3",536034,4931818,"Alec",1,"",2017
406,331,"390","Deer",2017-08-24,"8B3",573492,4797851,"Technician",3,"",2017
407,332,"395","Deer",2017-08-26,"7B3",536081,4931852,"Alec",2,"",2017
408,333,"378","Deer",2017-08-25,"5B4",546484,4823953,"Technician",3,"",2017
409,334,"365","Deer",2017-08-24,"8B4",574291,4799549,"Technician",3,"",2017
410,335,"387","Deer",2017-08-24,"8B4",574519,4799811,"Technician",2,"",2017
411,336,"379","Deer",2017-08-24,"8B4",574376,4799761,"Technician",3,"",2017
412,337,"398","Deer",2017-08-26,"7B6",536964,4930379,"Alec",2,"",2017
413,338,"375","Deer",2017-08-25,"5B4",546360,4823870,"Technician",1,"",2017
414,339,"400","Deer",2017-08-26,"7B3",535818,4931895,"Alec",2,"",2017
415,340,"397","Deer",2017-08-26,"7B3",535892,4931875,"Alec",2,"",2017
416,341,"373","Deer",2017-08-25,"5B4",546662,4824229,"Technician",2,"",2017
417,342,"392","Deer",2017-08-26,"7B6",537117,4929520,"Alec",1,"",2017
418,343,"367","Deer",2017-08-25,"5B4",546776,4824155,"Technician",2,"",2017
419,344,"377","Deer",2017-08-24,"8B3",573365,4797642,"Technician",2,"",2017
420,345,"385","Deer",2017-08-24,"8B4",574830,4799305,"Technician",1,"",2017
421,346,"369","Deer",2017-08-25,"5B4",546765,4824158,"Technician",2,"",2017
422,347,"382","Deer",2017-08-24,"8B4",574867,4799937,"Technician",3,"",2017
423,348,"399","Deer",2017-08-26,"7B3",535649,4931962,"Alec",1,"",2017
424,349,"363","Deer",2017-08-24,"8B3",573584,4798008,"Technician",2,"",2017
425,350,"401","Deer",2017-08-26,"7B3",536065,4932199,"Alec",2,"",2017
426,351,"356","Deer",2017-08-25,"5B1",546138,4828194,"Technician",3,"",2017
427,352,"384","Deer",2017-08-24,"8B4",574477,4799800,"Technician",3,"",2017
428,353,"362","Deer",2017-08-25,"5B1",546814,4828460,"Technician",2,"",2017
429,354,"393","Deer",2017-08-26,"7B6",536584,4930092,"Alec",2,"",2017
430,355,"388","Deer",2017-08-25,"5B1",546417,4828832,"Technician",2,"",2017
431,356,"380","Deer",2017-08-24,"8B4",574497,4799803,"Technician",3,"",2017
432,357,"360","Deer",2017-08-24,"8B3",573477,4797817,"Technician",2,"",2017
433,358,"389","Deer",2017-08-25,"5B4",545868,4824093,"Technician",1,"",2017
434,359,"402","Deer",2017-08-26,"7B3",536039,4932436,"Alec",2,"",2017
435,360,"403","Deer",2017-08-26,"7B3",536050,4932428,"Alec",2,"",2017
436,361,"361","Deer",2017-08-25,"5B1",546888,4828386,"Technician",2,"",2017
437,362,"370","Deer",2017-08-24,"8B3",573447,4797762,"Technician",3,"",2017
438,363,"372","Deer",2017-08-24,"8B3",573429,4797733,"Technician",2,"",2017
439,364,"374","Deer",2017-08-24,"8B3",573384,4797723,"Technician",3,"",2017
440,365,"354","Deer",2017-08-25,"5B1",546390,4828176,"Technician",2,"",2017
441,366,"358","Deer",2017-08-25,"5B4",545952,4824581,"Technician",3,"",2017
442,367,"376","Deer",2017-08-25,"5B4",546361,4824451,"Technician",2,"",2017
443,368,"355","Deer",2017-08-25,"5B1",546546,4828170,"Technician",2,"",2017
444,369,"381","Deer",2017-08-24,"8B4",574631,4799847,"Technician",3,"",2017
445,370,"368","Deer",2017-08-25,"5B4",545953,4824624,"Technician",1,"",2017
446,371,"359","Deer",2017-08-25,"5B1",546047,4828732,"Technician",2,"",2017
447,372,"366","Deer",2017-08-25,"5B1",546331,4828919,"Technician",2,"",2017
448,373,"357","Deer",2017-08-25,"5B1",546513,4828732,"Technician",3,"",2017
449,374,"353","Deer",2017-08-24,"8B4",574399,4799389,"Technician",3,"",2017
450,375,"364","Deer",2017-08-24,"8B3",573705,4798256,"Technician",1,"",2017
451,376,"371","Deer",2017-08-24,"8B3",573441,4797749,"Technician",2,"",2017
452,377,NA,"Deer",2017-08-13,"3A3",507650,4902390,"Technician",3,"Metadata inserted from db -- not entered completely",2017
453,378,NA,"Deer",2017-08-10,"5B3",544908,4825856,"Alec",2,"Metadata inserted from db -- not entered completely",2017
454,379,NA,"Deer",2017-08-13,"3A3",507558,4902202,"Technician",2,"Metadata inserted from db -- not entered completely",2017
455,380,NA,"Deer",2017-08-13,"3A1",510468,4899078,"Technician",3,"Metadata inserted from db -- not entered completely",2017
456,381,NA,"Deer",2017-08-10,"5B3",545055,4826083,"Alec",2,"Metadata inserted from db -- not entered completely",2017
457,382,NA,"Deer",2017-08-10,"5B2",548595,4826592,"Alec",2,"Metadata inserted from db -- not entered completely",2017
458,383,NA,"Deer",2017-08-13,"3A3",507744,4902438,"Technician",2,"Metadata inserted from db -- not entered completely",2017
459,384,NA,"Deer",2017-08-10,"5B3",545592,4825687,"Alec",2,"Metadata inserted from db -- not entered completely",2017
460,385,NA,"Deer",NA,NA,578748,NA,NA,NA,"no record in db",2017
461,386,NA,"Deer",2017-08-13,"3A1",510528,4898857,"Technician",3,"Metadata inserted from db -- not entered completely",2017
462,387,NA,"Deer",2017-08-13,"3A1",510481,4898934,"Technician",2,"Metadata inserted from db -- not entered completely",2017
463,388,NA,"Deer",2017-08-13,"3A3",507720,4902572,"Technician",3,"Metadata inserted from db -- not entered completely",2017
464,389,NA,"Deer",2017-08-10,"5B3",544954,4825892,"Alec",2,"Metadata inserted from db -- not entered completely",2017
465,390,NA,"Deer",2017-08-13,"3A1",510522,4898931,"Technician",2,"Metadata inserted from db -- not entered completely",2017
466,391,NA,"Deer",2017-08-13,"3A1",510524,4898877,"Technician",2,"Metadata inserted from db -- not entered completely",2017
467,392,NA,"Deer",2017-08-10,"5B3",544932,4825893,"Alec",2,"Metadata inserted from db -- not entered completely",2017
468,393,NA,"Deer",2017-08-13,"3A1",510489,4899004,"Technician",3,"Metadata inserted from db -- not entered completely",2017
469,394,NA,"Deer",2017-08-13,"3A1",510527,4898906,"Technician",2,"Metadata inserted from db -- not entered completely",2017
470,395,NA,"Deer",2017-08-13,"3A3",507561,4902087,"Technician",1,"Metadata inserted from db -- not entered completely",2017
471,396,NA,"Deer",NA,NA,578892,NA,NA,NA,"no record in db",2017
472,397,NA,"Deer",NA,NA,54944,NA,NA,NA,"no record in db; number copied wrong",2017
473,398,NA,"Deer",2017-08-13,"3A3",507485,4901866,"Technician",2,"Metadata inserted from db -- not entered completely",2017
474,399,NA,"Deer",2017-08-13,"3A1",510532,4899168,"Technician",2,"Metadata inserted from db -- not entered completely",2017
475,400,NA,"Deer",2017-08-10,"5B2",547851,4826260,"Alec",1,"Metadata inserted from db -- not entered completely",2017
476,401,NA,"Deer",2017-08-10,"5B3",544882,4825788,"Alec",2,"Metadata inserted from db -- not entered completely",2017
477,402,NA,"Deer",NA,NA,507833,NA,NA,NA,"no record in db",2017
478,403,NA,"Deer",2017-08-13,"3A3",507743,4902395,"Technician",2,"Metadata inserted from db -- not entered completely",2017
479,404,NA,"Deer",2017-08-13,"3A3",507561,4902087,"Technician",3,"Metadata inserted from db -- not entered completely",2017
480,405,NA,"Deer",2017-08-13,"3A1",510515,4899157,"Technician",2,"Metadata inserted from db -- not entered completely",2017
481,406,NA,"Deer",NA,NA,5484811,NA,NA,NA,"no record in db; number copied wrong",2017
482,407,NA,"Deer",2017-08-13,"3A1",510492,4899188,"Technician",2,"Metadata inserted from db -- not entered completely",2017
483,408,NA,"Deer",2017-08-13,"3A3",507681,4902460,"Technician",3,"Metadata inserted from db -- not entered completely",2017
484,409,"409","Deer",2018-05-22,"10B3-2",578995.109226952,4865662.28983051,"Dakotah Tanczuk",2,"",2018
485,410,"410","Deer",2018-05-22,"10B3-2",578995.007281797,4865653.67286427,"Dakotah Tanczuk",2,"",2018
486,411,"411","Deer",2018-05-22,"10B3-2",578995.978049334,4865652.72206966,"Dakotah Tanczuk",2,"",2018
487,412,"412","Deer",2018-05-22,"10B3-2",579000.067402384,4865586.89566697,"Dakotah Tanczuk",3,"",2018
488,413,"413","Deer",2018-05-22,"10B3",579845,4865621,"Dakotah Tanczuk",2,"",2018
489,414,"414","Deer",2018-05-22,"10B3",579803,4865446,"Emma Hurley",1,"",2018
490,415,"415","Deer",2018-05-22,"10B3-3",578786.38798909,4865286.95140227,"Emma Hurley",2,"",2018
491,416,"416","Deer",2018-05-22,"10B3-3",578782.280919923,4865289.3958619,"Alec Wong",2,"",2018
492,417,"417","Deer",2018-05-22,"10B3-3",578267,4865729,"Alec Wong",1,"",2018
493,418,"418","Deer",2018-05-22,"10B3-3",578267,4865729,"Alec Wong",1,"",2018
494,419,"419","Deer",2018-05-22,"10B3-6",578545.896559933,4865989.68649844,"Alec Wong",1,"",2018
495,420,"420","Deer",2018-05-22,"10B3-6",578555.604396159,4865996.22588036,"Dakotah Tanczuk",1,"",2018
496,421,"421","Deer",2018-05-22,"10B3-6",578555.279894828,4865995.42920044,"Dakotah Tanczuk",1,"",2018
497,422,"422","Deer",2018-05-22,"10B3-6",578556.407391219,4865994.67497774,"Alec Wong",1,"",2018
498,423,"423","Deer",2018-05-22,"10B3-6",578556.23008136,4865996.17186157,"Alec Wong",1,"",2018
499,424,"424","Deer",2018-05-22,"10B2-6",584317.730009514,4866208.98679625,"Alec Wong",2,"",2018
500,425,"425","Deer",2018-05-23,"9A1-1",570216.631986122,4847399.50451442,"Dakotah Tanczuk",2,"",2018
501,426,"426","Deer",2018-05-23,"9A1",570262,4847577,"Dakotah Tanczuk",1,"",2018
502,427,"427","Deer",2018-05-23,"9A1-3",570159.722908136,4848115.70776241,"Emma Hurley",2,"",2018
503,428,"428","Deer",2018-05-23,"9A1-6",569771.976066026,4847466.73483764,"Dakotah Tanczuk",2,"",2018
504,429,"429","Deer",2018-05-23,"9A3-1",565677.547269217,4847407.93897138,"Emma Hurley",3,"",2018
505,430,"430","Deer",2018-05-23,"9A3",565695,4847424,"Emma Hurley",2,"",2018
506,431,"431","Deer",2018-05-23,"9A3",565705,4847632,"Emma Hurley",2,"",2018
507,432,"432","Deer",2018-05-23,"9A3",565773,4847866,"Emma Hurley",2,"",2018
508,433,"433","Deer",2018-05-23,"9A3-3",565893.98680248,4847973.1506295,"Dakotah Tanczuk",2,"",2018
509,434,"434","Deer",2018-05-23,"9A3-3",565897.288097827,4847970.32201694,"Dakotah Tanczuk",2,"",2018
510,435,"435","Deer",2018-05-23,"9A3-3",565900.844247976,4847972.78863327,"Dakotah Tanczuk",2,"",2018
511,436,"436","Deer",2018-05-23,"9A3-3",565899.787998904,4847969.50801779,"Dakotah Tanczuk",2,"",2018
512,437,"437","Deer",2018-05-23,"9A3-3",565903.44045817,4847969.87139268,"Dakotah Tanczuk",3,"",2018
513,438,"438","Deer",2018-05-23,"9A3-3",565901.568634343,4847966.89033992,"Dakotah Tanczuk",2,"",2018
514,439,"439","Deer",2018-05-23,"9A3-3",565907.607550817,4847965.41281232,"Dakotah Tanczuk",2,"",2018
515,440,"440","Deer",2018-05-23,"9A3-3",565933.367777815,4847948.70643016,"Dakotah Tanczuk",2,"",2018
516,441,"441","Deer",2018-05-23,"9A3-3",565934.283009857,4847947.9073993,"Dakotah Tanczuk",2,"",2018
517,442,"442","Deer",2018-05-23,"9A3-3",565963.210999316,4847930.41636371,"Dakotah Tanczuk",2,"",2018
518,443,"443","Deer",2018-05-23,"9A3-4",566157.226583361,4847824.31626647,"Dakotah Tanczuk",2,"",2018
519,444,"444","Deer",2018-05-23,"9A3-4",566158.206414379,4847822.23664362,"Dakotah Tanczuk",2,"",2018
520,445,"445","Deer",2018-05-23,"9A3-4",566159.83167685,4847822.81640383,"Dakotah Tanczuk",2,"",2018
521,446,"446","Deer",2018-05-23,"9A3-4",566176.532920728,4847814.4034345,"Dakotah Tanczuk",2,"",2018
522,447,"447","Deer",2018-05-23,"9A3-4",566187.307536631,4847809.18821139,"Dakotah Tanczuk",2,"",2018
523,448,"448","Deer",2018-05-23,"9A3-4",566187.276715466,4847808.08791595,"Dakotah Tanczuk",2,"",2018
524,449,"449","Deer",2018-05-23,"9A3-4",566191.283769064,4847806.10690069,"Dakotah Tanczuk",2,"",2018
525,450,"450","Deer",2018-05-23,"9A3-4",566219.598750167,4847791.8519105,"Dakotah Tanczuk",2,"",2018
526,451,"451","Deer",2018-05-23,"9A3-4",566221.498582883,4847790.05370705,"Dakotah Tanczuk",2,"",2018
527,452,"452","Deer",2018-05-23,"9A3-4",566223.16715614,4847790.94671505,"Dakotah Tanczuk",2,"",2018
528,453,"453","Deer",2018-05-23,"9A3-4",566223.938491043,4847790.47613831,"Dakotah Tanczuk",2,"",2018
529,454,"454","Deer",2018-05-23,"9A3-4",566228.976744267,4847787.91838452,"Dakotah Tanczuk",2,"",2018
530,455,"455","Deer",2018-05-23,"9A3-4",566228.94985129,4847785.94603142,"Dakotah Tanczuk",2,"",2018
531,456,"456","Deer",2018-05-23,"9A3-4",566233.291505899,4847785.13823488,"Dakotah Tanczuk",2,"",2018
532,457,"457","Deer",2018-05-24,"7B1-1",542523.799500249,4929580.90014401,"Dakotah Tanczuk",3,"",2018
533,458,"458","Deer",2018-05-24,"7B1-1",542524.247157942,4929583.51896103,"Dakotah Tanczuk",3,"",2018
534,459,"459","Deer",2018-05-24,"7B1-2",542556.778942457,4929993.40296623,"Dakotah Tanczuk",2,"",2018
535,460,"460","Deer",2018-05-24,"7B1-2",542556.97679721,4930017.90219996,"Dakotah Tanczuk",2,"",2018
536,461,"461","Deer",2018-05-24,"7B1-4",543088.655858963,4930045.43389334,"Emma Hurley",2,"",2018
537,462,"462","Deer",2018-05-24,"7B1-5",543221.524513458,4929702.81125668,"Dakotah Tanczuk",2,"",2018
538,463,"463","Deer",2018-05-24,"7B1-6",542988.432044476,4929534.47220506,"Dakotah Tanczuk",2,"",2018
539,464,"464","Deer",2018-05-24,"7B1-6",542947.912692218,4929501.56187701,"Dakotah Tanczuk",2,"",2018
540,465,"465","Deer",2018-05-24,"7B5-2",539513.218110203,4929379.29262823,"Emma Hurley",2,"",2018
541,466,"466","Deer",2018-05-24,"7B5-2",539490.852869143,4929379.19216783,"Emma Hurley",2,"",2018
542,467,"467","Deer",2018-05-24,"7B5-3",539136.198025775,4929289.09929651,"Dakotah Tanczuk",2,"Edited northing from 429… to 4929…",2018
543,468,"468","Deer",2018-05-24,"7B5-5",539325.975050086,4928715.50919282,"Emma Hurley",2,"",2018
544,469,"469","Deer",2018-05-24,"7B5-5",539433,4928772,"Emma Hurley",2,"",2018
545,470,"470","Deer",2018-05-24,"7B5-5",539356.044215868,4928731.59554944,"Emma Hurley",2,"",2018
546,471,"471","Deer",2018-05-24,"7B5-5",539364.503317056,4928734.839807,"Emma Hurley",2,"",2018
547,472,"472","Deer",2018-05-24,"7B5-5",539368.021376556,4928738.25642189,"Emma Hurley",3,"",2018
548,473,"473","Deer",2018-05-24,"7B5-5",539398.571961008,4928753.42091297,"Emma Hurley",3,"",2018
549,474,"474","Deer",2018-05-25,"6C3-1",521697.950966035,4877258.60416872,"Emma Hurley",3,"",2018
550,475,"475","Deer",2018-05-25,"6C3-1",521765,4876952,"Emma Hurley",3,"",2018
551,476,"476","Deer",2018-05-25,"6C3-4",522274.101417733,4876893.00433451,"Dakotah Tanczuk",3,"",2018
552,477,"477","Deer",2018-05-26,"2B1-6",506422.545076776,4852188.84575401,"Dakotah Tanczuk",3,"",2018
553,478,"478","Deer",2018-05-26,"2B4",506369,4851968,"Alec Wong",2,"",2018
554,479,"479","Deer",2018-05-26,"2B4-1",504160.218504696,4850351.9237717,"Emma Hurley",2,"",2018
555,480,"480","Deer",2018-05-26,"2B4-1",504168.540830797,4850350.19077191,"Emma Hurley",2,"",2018
556,481,"481","Deer",2018-05-26,"2B4",504279,4850325,"Emma Hurley",2,"",2018
557,482,"482","Deer",2018-05-26,"2B4-4",504445,4849804,"Emma Hurley",2,"",2018
558,483,"483","Deer",2018-05-26,"2B4-4",504429.770533063,4849790.6003521,"Dakotah Tanczuk",1,"",2018
559,484,"484","Deer",2018-05-26,"2B4-4",504391.855988783,4849751.72571471,"Dakotah Tanczuk",3,"",2018
560,485,"485","Deer",2018-05-26,"2B4-4",504389.279021689,4849747.96315699,"Dakotah Tanczuk",3,"",2018
561,486,"486","Deer",2018-05-26,"2B4-4",504379.840634605,4849738.10215556,"Dakotah Tanczuk",2,"",2018
562,487,"487","Deer",2018-05-26,"2B4-4",504378.355034232,4849736.82481788,"Dakotah Tanczuk",2,"",2018
563,488,"488","Deer",2018-05-26,"2B4-4",504376.892654428,4849735.45604277,"Dakotah Tanczuk",2,"",2018
564,489,"489","Deer",2018-05-26,"2B4-4",504390.568021249,4849749.49788176,"Dakotah Tanczuk",2,"",2018
565,490,"490","Deer",2018-05-26,"2B4-4",504376.201713511,4849734.387071,"Dakotah Tanczuk",3,"",2018
566,491,"491","Deer",2018-05-26,"2B4-4",504372.605621466,4849730.97705311,"Dakotah Tanczuk",3,"",2018
567,492,"492","Deer",2018-05-26,"2B4-4",504373.496775285,4849731.30069623,"Dakotah Tanczuk",3,"",2018
568,493,"493","Deer",2018-05-26,"2B4-5",504035.201670356,4849604.38424054,"Emma Hurley",3,"",2018
569,494,"494","Deer",2018-05-26,"2B4-5",504027.213631746,4849628.69494063,"Emma Hurley",3,"",2018
570,495,"495","Deer",2018-05-26,"2B4-5",504023.171633194,4849638.17377747,"Emma Hurley",3,"",2018
571,496,"496","Deer",2018-05-26,"2B4-5",504014.80299971,4849656.32207969,"Emma Hurley",3,"",2018
572,497,"497","Deer",2018-05-26,"2B4-5",504012.959139006,4849660.54020459,NA,NA,"",2018
573,498,"498","Deer",2018-05-26,"2B4-6",503886.968142858,4849882.19355595,NA,NA,"",2018
574,499,"499","Deer",2018-05-30,"12B2-1",584396.371669887,4943904.03967234,"Dakotah Tanczuk",2,"",2018
575,500,"500","Deer",2018-05-30,"12B2",584182,4944011,"Dakotah Tanczuk",2,"",2018
576,501,"501","Deer",2018-05-30,"12B2-4",583714.038542155,4943644.10740686,"Anna Ullmann",2,"",2018
577,502,"502","Deer",2018-05-30,"12B2-4",583715.671287915,4943610.03382412,"Anna Ullmann",2,"",2018
578,503,"503","Deer",2018-05-30,"12B3-1",583192.110252163,4945821.08878042,"Anna Ullmann",3,"",2018
579,504,"504","Deer",2018-05-30,"12B3",583218,4945726,"Anna Ullmann",2,"",2018
580,505,"505","Deer",2018-05-30,"12B3-2",583245.73289384,4945512.95110481,"Anna Ullmann",2,"",2018
581,506,"506","Deer",2018-05-30,"12B3-5",582516.454474752,4945571.13744987,"Anna Ullmann",2,"",2018
582,507,"507","Deer",2018-05-31,"7A2-3",549211.483931083,4939901.04363291,"Anna Ullmann",3,"",2018
583,508,"508","Deer",2018-05-31,"7A2-5",549535.128678695,4939414.96097755,"Alec Wong",1,"",2018
584,509,"509","Deer",2018-05-31,"7A4-2",545438.266452467,4942654.61603423,"Anna Ullmann",2,"",2018
585,510,"510","Deer",2018-05-31,"7A4-2",545439.438881994,4942653.75266351,"Anna Ullmann",3,"",2018
586,511,"511","Deer",2018-05-31,"7A4-2",545451.295374671,4942684.76472054,"Anna Ullmann",3,"",2018
587,512,"512","Deer",2018-05-31,"7A4-2",545465.470007769,4942727.5050607,"Anna Ullmann",2,"",2018
588,513,"513","Deer",2018-05-31,"7A4-2",545467.674294915,4942730.84588667,"Anna Ullmann",3,"",2018
589,514,"514","Deer",2018-05-31,"7A4",545470,4942735,"Anna Ullmann",2,"",2018
590,515,"515","Deer",2018-05-31,"7A4",545718,4942795,"Anna Ullmann",2,"",2018
591,516,"516","Deer",2018-05-31,"7A4-3",545804.05080902,4942716.34554855,"Anna Ullmann",2,"",2018
592,517,"517","Deer",2018-05-31,"7A4-5",545988.735879306,4942235.45184719,"Anna Ullmann",2,"",2018
593,518,"518","Deer",2018-05-31,"15A4-1",598934.352501702,4929605.69178217,"Anna Ullmann",3,"",2018
594,519,"519","Deer",2018-05-31,"15A4-2",599208.122796455,4929677.04119923,"Alec Wong",1,"",2018
595,520,"520","Deer",2018-05-31,"15A4-2",599210.351288341,4929677.4051002,"Dakotah Tanczuk",2,"",2018
596,521,"521","Deer",2018-05-31,"15A4-2",599217.920866032,4929677.44655544,"Dakotah Tanczuk",3,"",2018
597,522,"522","Deer",2018-05-31,"15A4-2",599225.457000448,4929677.91799564,"Dakotah Tanczuk",3,"",2018
598,523,"523","Deer",2018-05-31,"15A4-2",599226.094962608,4929678.09800753,"Alec Wong",3,"",2018
599,524,"524","Deer",2018-05-31,"15A4",599296,4929643,"Dakotah Tanczuk",1,"",2018
600,525,"525","Deer",2018-05-31,"15A4-4",599491.24805729,4929197.30894797,"Anna Ullmann",3,"",2018
601,526,"526","Deer",2018-05-31,"15A4-4",599491.204517986,4929179.40752333,"Anna Ullmann",3,"",2018
602,527,"527","Deer",2018-05-31,"15A4-4",599490.698191288,4929179.0522301,"Anna Ullmann",3,"",2018
603,528,"528","Deer",2018-05-31,"15A4",599468,4929169,"Anna Ullmann",1,"",2018
604,529,"529","Deer",2018-05-31,"15A4-5",599185.361944344,4928942.3785334,"Dakotah Tanczuk",3,"",2018
605,530,"530","Deer",2018-06-01,"15A2-2",601893.179822676,4928411.1654707,"Anna Ullmann",2,"",2018
606,531,"531","Deer",2018-06-01,"15A2",601761,4928655,"Anna Ullmann",1,"",2018
607,532,"532","Deer",2018-06-01,"12B1",585023,4945501,"Dakotah Tanczuk",1,"",2018
608,533,"533","Deer",2018-06-01,"12B1-2",585038.57355753,4945502.2137259,"Dakotah Tanczuk",2,"",2018
609,534,"534","Deer",2018-06-01,"12B1",585133,4944927,"Anna Ullmann",1,"",2018
610,535,"535","Deer",2018-06-01,"12B1-5",584874.887820345,4944836.1554415,"Dakotah Tanczuk",2,"",2018
611,536,"536","Deer",2018-06-05,"5B2-1",547879.760103942,4826344.76902579,"Anna Ullmann",2,"",2018
612,537,"537","Deer",2018-06-05,"5B2",547892,4826475,"Anna Ullmann",2,"",2018
613,538,"538","Deer",2018-06-05,"5B2",548533,4826599,"Anna Ullmann",2,"",2018
614,539,"539","Deer",2018-06-05,"5B2-5",548528.423339085,4826331.1992226,"Emma Hurley",2,"",2018
615,540,"540","Deer",2018-06-05,"5B2",548098,4826184,"Anna Ullmann",2,"",2018
616,541,"541","Deer",2018-06-05,"5B1",545931,4828305,"Anna Ullmann",2,"",2018
617,542,"542","Deer",2018-06-05,"5B1",545996,4828214,"Anna Ullmann",3,"",2018
618,543,"543","Deer",2018-06-05,"5B1",546430,4828226,"Anna Ullmann",2,"",2018
619,544,"544","Deer",2018-06-06,"1B2",513028,4803099,"Anna Ullmann",2,"",2018
620,545,"545","Deer",2018-06-06,"1B2-6",513280.150835712,4803640.86997173,"Anna Ullmann",2,"",2018
621,546,"546","Deer",2018-06-06,"1B2-6",513276.719208887,4803643.58885704,"Emma Hurley",2,"",2018
622,547,"547","Deer",2018-06-06,"1B2",513070,4803937,"Anna Ullmann",2,"",2018
623,548,"548","Deer",2018-06-06,"1B4-1",510736.144716229,4803144.66382715,"Anna Ullmann",2,"",2018
624,549,"549","Deer",2018-06-06,"1B4-1",510747.904805161,4803184.98953493,"Anna Ullmann",2,"",2018
625,550,"550","Deer",2018-06-06,"1B4-4",510407.467822523,4803668.94380923,"Emma Hurley",2,"",2018
626,551,"551","Deer",2018-06-06,"1B4-4",510340.014040112,4803660.23380702,"Emma Hurley",2,"",2018
627,552,"552","Deer",2018-06-06,"1B4-6",510302.785883705,4803083.06237345,"Emma Hurley",2,"",2018
628,553,"553","Deer",2018-06-06,"1B1-2",512034.178964031,4807369.42371618,"Emma Hurley",2,"",2018
629,554,"554","Deer",2018-06-06,"1B1-2",512032.349129961,4807375.93941318,"Emma Hurley",3,"",2018
630,555,"555","Deer",2018-06-06,"1B1",511945,4807487,"Anna Ullmann",2,"",2018
631,556,"556","Deer",2018-06-06,"1B1-6",511671.216239768,4806918.72292433,"Anna Ullmann",2,"",2018
632,557,"557","Deer",2018-06-06,"1B1-6",511687.332019973,4806910.9193976,"Anna Ullmann",3,"",2018
633,558,"558","Deer",2018-06-07,"4B3-1",535242.396917547,4802236.9340571,"Emma Hurley",2,"",2018
634,559,"559","Deer",2018-06-07,"4B3-2",535287,4802515,"Emma Hurley",2,"",2018
635,560,"560","Deer",2018-06-07,"4B3",534934,4802702,"Anna Ullmann",1,"",2018
636,561,"561","Deer",2018-06-07,"4B3-5",534589.267052683,4802335.53788042,"Emma Hurley",2,"",2018
637,562,"562","Deer",2018-06-07,"4B3-6",534846.432744046,4802139.91019407,"Anna Ullmann",2,"",2018
638,563,"563","Deer",2018-06-07,"4B3",534996,4802087,"Anna Ullmann",2,"",2018
639,564,"564","Deer",2018-06-07,"4B4-1",536974.915671169,4801970.41418149,"Anna Ullmann",2,"",2018
640,565,"565","Deer",2018-06-07,"4B4-1",537049.322471536,4801994.49260667,"Anna Ullmann",2,"",2018
641,566,"566","Deer",2018-06-07,"4B4-1",537066.471076014,4802001.22278977,"Anna Ullmann",2,"",2018
642,567,"567","Deer",2018-06-07,"4B4",537353,4801993,"Anna Ullmann",2,"",2018
643,568,"568","Deer",2018-06-07,"4B4",537433,4801979,"Emma Hurley",2,"",2018
644,569,"569","Deer",2018-06-07,"4B4-3",537806.043278053,4801784.92748981,"Emma Hurley",2,"",2018
645,570,"570","Deer",2018-06-07,"4B4-3",537805.936057034,4801783.29342963,"Emma Hurley",2,"",2018
646,571,"571","Deer",2018-06-07,"4B4-3",537768.614856532,4801711.40372527,"Emma Hurley",1,"",2018
647,572,"572","Deer",2018-06-07,"4B4-4",537659.155216325,4801507.76191293,"Emma Hurley",2,"",2018
648,573,"573","Deer",2018-06-07,"4B4-4",537640.317670625,4801454.01708534,"Emma Hurley",2,"",2018
649,574,"574","Deer",2018-06-07,"4B4-4",537636.63893468,4801445.34303981,"Anna Ullmann",3,"",2018
650,575,"575","Deer",2018-06-07,"4B4",537166,4801422,"Anna Ullmann",2,"",2018
651,576,"576","Deer",2018-06-07,"4B4",537166,4801422,"Anna Ullmann",2,"",2018
652,577,"577","Deer",2018-06-07,"4B1",536793,4800540,"Anna Ullmann",2,"",2018
653,578,"578","Deer",2018-06-07,"4B1-2",536566.458591845,4800579.22907098,"Emma Hurley",2,"",2018
654,579,"579","Deer",2018-06-07,"4B1",536240,4800326,"Anna Ullmann",1,"",2018
655,580,"580","Deer",2018-06-07,"4B1-4",536251.160841765,4800180.84290551,"Anna Ullmann",3,"",2018
656,581,"581","Deer",2018-06-07,"4B1-4",536265.556910535,4800094.60861301,"Anna Ullmann",1,"",2018
657,582,"582","Deer",2018-06-07,"4B1-5",536600.839026185,4799863.75589258,"Emma Hurley",2,"",2018
658,583,"583","Deer",2018-06-07,"4B1-5",536610.363353305,4799867.93815188,"Anna Ullmann",2,"",2018
